<?xml version="1.0"?>
<!-- <!DOCTYPE metadata SYSTEM "http://www.esri.com/metadata/esriprof80.dtd"> -->
<metadata xml:lang="en"><Esri><CreaDate>20191220</CreaDate><CreaTime>12584700</CreaTime><ArcGISFormat>1.0</ArcGISFormat><SyncOnce>TRUE</SyncOnce><DataProperties><itemProps><itemLocation><linkage Sync="TRUE">file://\\CT00018622\E$\CasaProject\IceMass Area and LST modelling\Out</linkage><protocol Sync="TRUE">Local Area Network</protocol></itemLocation></itemProps><copyHistory><copy source="E:\CasaProject\Out" dest="\\CT00018622\E$\CasaProject\IceMass Area and LST modelling\Out" date="20191220" time="12584700"></copy></copyHistory></DataProperties></Esri><gmd:GEMINI_Metadata xmlns:gmd="http://www.isotc211.org/2005/gmd" xmlns:xsi="http://www.w3.org/2001/XMLSchema-instance" xmlns:gco="http://www.isotc211.org/2005/gco" xmlns:srv="http://www.isotc211.org/2005/srv" xmlns:gts="http://www.isotc211.org/2005/gts" xmlns:gml="http://www.opengis.net/gml" xmlns:xlink="http://www.w3.org/1999/xlink" xmlns:msxsl="urn:schemas-microsoft-com:xslt">
		<gmd:distributionInfo>
			<gmd:MD_Distribution>
				<gmd:transferOptions>
					<gmd:MD_DigitalTransferOptions>
						<gmd:onLine>
							<gmd:CI_OnlineResource>
								<gmd:linkage>
									<gmd:URL>\\CT00018622\E$\CasaProject\IceMass Area and LST modelling\Out</gmd:URL>
								</gmd:linkage>
							</gmd:CI_OnlineResource>
						</gmd:onLine>
					</gmd:MD_DigitalTransferOptions>
				</gmd:transferOptions>
			</gmd:MD_Distribution>
		</gmd:distributionInfo>
	</gmd:GEMINI_Metadata></metadata>
